スライム闇,static/闇属性/スライム闇.png
とびめだま闇,static/闇属性/とびめだま闇.png
デク闇,static/闇属性/デク闇.png
ハンター闇,static/闇属性/ハンター闇.png
かにおとこ闇,static/闇属性/かにおとこ闇.png
ひとくいばな闇,static/闇属性/ひとくいばな闇.png
ゴブリン闇,static/闇属性/ゴブリン闇.png
マッシュ闇,static/闇属性/マッシュ闇.png
オーク闇,static/闇属性/オーク闇.png
ミミック闇,static/闇属性/ミミック闇.png
ウルフ闇,static/闇属性/ウルフ闇.png
ツボ闇,static/闇属性/ツボ闇.png
クマ闇,static/闇属性/クマ闇.png
オニ闇,static/闇属性/オニ闇.png
ホネ闇,static/闇属性/ホネ闇.png
トマトマン闇,static/闇属性/トマトマン闇.png
ペンガンナー闇,static/闇属性/ペンガンナー闇.png
キャノンぼうや闇,static/闇属性/キャノンぼうや闇.png
リザードマン闇,static/闇属性/リザードマン闇.png
サムライ闇,static/闇属性/サムライ闇.png
くすりつかい闇,static/闇属性/くすりつかい闇.png
マタギ闇,static/闇属性/マタギ闇.png
まどうし闇,static/闇属性/まどうし闇.png
ゴーレム闇,static/闇属性/ゴーレム闇.png
半魚人闇,static/闇属性/半魚人闇.png
ナイト闇,static/闇属性/ナイト闇.png
ウィッチ闇,static/闇属性/ウィッチ闇.png
サイクロプス闇,static/闇属性/サイクロプス闇.png
ロボ闇,static/闇属性/ロボ闇.png
バードマン闇,static/闇属性/バードマン闇.png
アーチャー闇,static/闇属性/アーチャー闇.png
おばけ闇,static/闇属性/おばけ闇.png
ピエロ闇,static/闇属性/ピエロ闇.png
天使闇,static/闇属性/天使闇.png
無垢の巨人闇,static/闇属性/無垢の巨人闇.png
ファフニール闇,static/闇属性/ファフニール闇.png
シャドウ闇,static/闇属性/シャドウ闇.png
ピーマン闇,static/闇属性/ピーマン闇.png
ミノタウロス闇,static/闇属性/ミノタウロス闇.png
シャーク闇,static/闇属性/シャーク闇.png
ヴァルキリー闇,static/闇属性/ヴァルキリー闇.png
ビッグアーマー闇,static/闇属性/ビッグアーマー闇.png
バーサクうさ闇,static/闇属性/バーサクうさ闇.png
はかいしん闇,static/闇属性/はかいしん闇.png
セイリュー闇,static/闇属性/セイリュー闇.png
ビャッコ闇,static/闇属性/ビャッコ闇.png
スザク闇,static/闇属性/スザク闇.png
ゲンブ闇,static/闇属性/ゲンブ闇.png
ドラゴン闇,static/闇属性/ドラゴン闇.png
スカルキング闇,static/闇属性/スカルキング闇.png
デーモン闇,static/闇属性/デーモン闇.png
フェアリー闇,static/闇属性/フェアリー闇.png
スターマン闇,static/闇属性/スターマン闇.png
エイリアン闇,static/闇属性/エイリアン闇.png
ランサー闇,static/闇属性/ランサー闇.png
ドラゴンナイト闇,static/闇属性/ドラゴンナイト闇.png
グレートロボ闇,static/闇属性/グレートロボ闇.png
マーメイド闇,static/闇属性/マーメイド闇.png
かみさま闇,static/闇属性/かみさま闇.png
ふりそでフェアリー闇,static/闇属性/ふりそでフェアリー闇.png
にんじゃ闇,static/闇属性/にんじゃ闇.png
カウボーイ闇,static/闇属性/カウボーイ闇.png
とげクイーン闇,static/闇属性/とげクイーン闇.png
Mr.ムーン闇,static/闇属性/Mr.ムーン闇.png
ブライドヴァルキリー闇,static/闇属性/ブライドヴァルキリー闇.png
かいぞく闇,static/闇属性/かいぞく闇.png
みこ闇,static/闇属性/みこ闇.png
ビッグキャノン闇,static/闇属性/ビッグキャノン闇.png
パンダ闇,static/闇属性/パンダ闇.png
フェネック闇,static/闇属性/フェネック闇.png
リヴァイ闇,static/闇属性/リヴァイ闇.png
ショクチュウひめ闇,static/闇属性/ショクチュウひめ闇.png
トール闇,static/闇属性/トール闇.png
ツチノコ闇,static/闇属性/ツチノコ闇.png
ジュンガル闇,static/闇属性/ジュンガル闇.png
クロミ闇,static/闇属性/クロミ闇.png
佐野万次郎 闇,static/闇属性/佐野万次郎 闇.png
いねむりクラーケン闇,static/闇属性/いねむりクラーケン闇.png
エレン巨人闇,static/闇属性/エレン巨人闇.png
つららひめ闇,static/闇属性/つららひめ闇.png
メリオダス闇,static/闇属性/メリオダス闇.png
マタタビおうじ闇,static/闇属性/マタタビおうじ闇.png
蘇枋隼飛 闇,static/闇属性/蘇枋隼飛 闇.png
ケルヌー闇,static/闇属性/ケルヌー闇.png
スライムデュラハン闇,static/闇属性/スライムデュラハン闇.png
中野二乃 闇,static/闇属性/中野二乃 闇.png
