スライム火,static/火属性/スライム火.png
とびめだま火,static/火属性/とびめだま火.png
デク火,static/火属性/デク火.png
ハンター火,static/火属性/ハンター火.png
かにおとこ火,static/火属性/かにおとこ火.png
ひとくいばな火,static/火属性/ひとくいばな火.png
ゴブリン火,static/火属性/ゴブリン火.png
マッシュ火,static/火属性/マッシュ火.png
オーク火,static/火属性/オーク火.png
ミミック火,static/火属性/ミミック火.png
ウルフ火,static/火属性/ウルフ火.png
ツボ火,static/火属性/ツボ火.png
クマ火,static/火属性/クマ火.png
オニ火,static/火属性/オニ火.png
ホネ火,static/火属性/ホネ火.png
トマトマン火,static/火属性/トマトマン火.png
ペンガンナー火,static/火属性/ペンガンナー火.png
キャノンぼうや火,static/火属性/キャノンぼうや火.png
リザードマン火,static/火属性/リザードマン火.png
サムライ火,static/火属性/サムライ火.png
くすりつかい火,static/火属性/くすりつかい火.png
マタギ火,static/火属性/マタギ火.png
まどうし火,static/火属性/まどうし火.png
ゴーレム火,static/火属性/ゴーレム火.png
半魚人火,static/火属性/半魚人火.png
ナイト火,static/火属性/ナイト火.png
ウィッチ火,static/火属性/ウィッチ火.png
サイクロプス火,static/火属性/サイクロプス火.png
ロボ火,static/火属性/ロボ火.png
バードマン火,static/火属性/バードマン火.png
アーチャー火,static/火属性/アーチャー火.png
てるてるマン火,static/火属性/てるてるマン火.png
ピエロ火,static/火属性/ピエロ火.png
天使火,static/火属性/天使火.png
花垣武道 火,static/火属性/花垣武道 火.png
ピーマン火,static/火属性/ピーマン火.png
ミノタウロス火,static/火属性/ミノタウロス火.png
シャーク火,static/火属性/シャーク火.png
ヴァルキリー火,static/火属性/ヴァルキリー火.png
ビッグアーマー火,static/火属性/ビッグアーマー火.png
バーサクうさ火,static/火属性/バーサクうさ火.png
はかいしん火,static/火属性/はかいしん火.png
セイリュー火,static/火属性/セイリュー火.png
ビャッコ火,static/火属性/ビャッコ火.png
スザク火,static/火属性/スザク火.png
ゲンブ火,static/火属性/ゲンブ火.png
ドラゴン火,static/火属性/ドラゴン火.png
スカルキング火,static/火属性/スカルキング火.png
デーモン火,static/火属性/デーモン火.png
フェアリー火,static/火属性/フェアリー火.png
スターマン火,static/火属性/スターマン火.png
エイリアン火,static/火属性/エイリアン火.png
ランサー火,static/火属性/ランサー火.png
かぼちゃキング火,static/火属性/かぼちゃキング火.png
ドラゴンナイト火,static/火属性/ドラゴンナイト火.png
グレートロボ火,static/火属性/グレートロボ火.png
マーメイド火,static/火属性/マーメイド火.png
サンタウィッチ火,static/火属性/サンタウィッチ火.png
かみさま火,static/火属性/かみさま火.png
どすこいオーク火,static/火属性/どすこいオーク火.png
にんじゃ火,static/火属性/にんじゃ火.png
カウボーイ火,static/火属性/カウボーイ火.png
とげクイーン火,static/火属性/とげクイーン火.png
Mr.ムーン火,static/火属性/Mr.ムーン火.png
かいぞく火,static/火属性/かいぞく火.png
ビーチクイーン火,static/火属性/ビーチクイーン火.png
ヴァンパイア火,static/火属性/ヴァンパイア火.png
ヒーロー火,static/火属性/ヒーロー火.png
サンタうさ火,static/火属性/サンタうさ火.png
ビッグキャノン火,static/火属性/ビッグキャノン火.png
パンダ火,static/火属性/パンダ火.png
ミノむすめ火,static/火属性/ミノむすめ火.png
ガネーシャ火,static/火属性/ガネーシャ火.png
カラカル火,static/火属性/カラカル火.png
ベルセルク火,static/火属性/ベルセルク火.png
ホルス火,static/火属性/ホルス火.png
エレン火,static/火属性/エレン火.png
ショクチュウひめ火,static/火属性/ショクチュウひめ火.png
イルル火,static/火属性/イルル火.png
ライオン火,static/火属性/ライオン火.png
もちつきうさ火,static/火属性/もちつきうさ火.png
ジュンガル火,static/火属性/ジュンガル火.png
ハローキティ火,static/火属性/ハローキティ火.png
マオウのむすこ火,static/火属性/マオウのむすこ火.png
龍宮寺堅 火,static/火属性/龍宮寺堅 火.png
いねむりクラーケン火,static/火属性/いねむりクラーケン火.png
ベルトルト火,static/火属性/ベルトルト火.png
つららひめ火,static/火属性/つららひめ火.png
エスカノール火,static/火属性/エスカノール火.png
マタタビおうじ火,static/火属性/マタタビおうじ火.png
がりゅー火,static/火属性/がりゅー火.png
ケルヌー火,static/火属性/ケルヌー火.png
スライムデュラハン火,static/火属性/スライムデュラハン火.png
イリエル火,static/火属性/イリエル火.png
中野五月 火,static/火属性/中野五月 火.png
