スライム水,static/水属性/スライム水.png
とびめだま水,static/水属性/とびめだま水.png
デク水,static/水属性/デク水.png
ハンター水,static/水属性/ハンター水.png
かにおとこ水,static/水属性/かにおとこ水.png
ひとくいばな水,static/水属性/ひとくいばな水.png
ゴブリン水,static/水属性/ゴブリン水.png
マッシュ水,static/水属性/マッシュ水.png
オーク水,static/水属性/オーク水.png
ミミック水,static/水属性/ミミック水.png
ウルフ水,static/水属性/ウルフ水.png
ツボ水,static/水属性/ツボ水.png
クマ水,static/水属性/クマ水.png
オニ水,static/水属性/オニ水.png
ホネ水,static/水属性/ホネ水.png
トマトマン水,static/水属性/トマトマン水.png
ペンガンナー水,static/水属性/ペンガンナー水.png
キャノンぼうや水,static/水属性/キャノンぼうや水.png
リザードマン水,static/水属性/リザードマン水.png
サムライ水,static/水属性/サムライ水.png
くすりつかい水,static/水属性/くすりつかい水.png
マタギ水,static/水属性/マタギ水.png
まどうし水,static/水属性/まどうし水.png
ゴーレム水,static/水属性/ゴーレム水.png
半魚人水,static/水属性/半魚人水.png
ナイト水,static/水属性/ナイト水.png
ウィッチ水,static/水属性/ウィッチ水.png
サイクロプス水,static/水属性/サイクロプス水.png
ロボ水,static/水属性/ロボ水.png
バードマン水,static/水属性/バードマン水.png
スノーマン水,static/水属性/スノーマン水.png
アーチャー水,static/水属性/アーチャー水.png
ピエロ水,static/水属性/ピエロ水.png
天使水,static/水属性/天使水.png
サシャ水,static/水属性/サシャ水.png
ディアンヌ水,static/水属性/ディアンヌ水.png
ピーマン水,static/水属性/ピーマン水.png
ミノタウロス水,static/水属性/ミノタウロス水.png
シャーク水,static/水属性/シャーク水.png
ヴァルキリー水,static/水属性/ヴァルキリー水.png
ビッグアーマー水,static/水属性/ビッグアーマー水.png
バーサクうさ水,static/水属性/バーサクうさ水.png
はかいしん水,static/水属性/はかいしん水.png
セイリュー水,static/水属性/セイリュー水.png
ビャッコ水,static/水属性/ビャッコ水.png
スザク水,static/水属性/スザク水.png
ゲンブ水,static/水属性/ゲンブ水.png
ドラゴン水,static/水属性/ドラゴン水.png
スカルキング水,static/水属性/スカルキング水.png
デーモン水,static/水属性/デーモン水.png
フェアリー水,static/水属性/フェアリー水.png
スターマン水,static/水属性/スターマン水.png
エイリアン水,static/水属性/エイリアン水.png
ランサー水,static/水属性/ランサー水.png
かぼちゃキング水,static/水属性/かぼちゃキング水.png
ドラゴンナイト水,static/水属性/ドラゴンナイト水.png
グレートロボ水,static/水属性/グレートロボ水.png
マーメイド水,static/水属性/マーメイド水.png
かみさま水,static/水属性/かみさま水.png
どすこいオーク水,static/水属性/どすこいオーク水.png
にんじゃ水,static/水属性/にんじゃ水.png
カウボーイ水,static/水属性/カウボーイ水.png
とげクイーン水,static/水属性/とげクイーン水.png
Mr.ムーン水,static/水属性/Mr.ムーン水.png
かいぞく水,static/水属性/かいぞく水.png
ビーチクイーン水,static/水属性/ビーチクイーン水.png
ヴァンパイア水,static/水属性/ヴァンパイア水.png
ヒーロー水,static/水属性/ヒーロー水.png
ビッグキャノン水,static/水属性/ビッグキャノン水.png
パンダ水,static/水属性/パンダ水.png
アイスひめ水,static/水属性/アイスひめ水.png
ミノむすめ水,static/水属性/ミノむすめ水.png
ガネーシャ水,static/水属性/ガネーシャ水.png
アライグマ水,static/水属性/アライグマ水.png
ベルセルク水,static/水属性/ベルセルク水.png
ホルス水,static/水属性/ホルス水.png
ミカサ水,static/水属性/ミカサ水.png
ショクチュウひめ水,static/水属性/ショクチュウひめ水.png
エルマ水,static/水属性/エルマ水.png
ギンギツネ水,static/水属性/ギンギツネ水.png
もちつきうさ水,static/水属性/もちつきうさ水.png
ジュンガル水,static/水属性/ジュンガル水.png
シナモロール水,static/水属性/シナモロール水.png
マオウのむすこ水,static/水属性/マオウのむすこ水.png
三ツ谷隆 水,static/水属性/三ツ谷隆 水.png
いねむりクラーケン水,static/水属性/いねむりクラーケン水.png
ライナー水,static/水属性/ライナー水.png
つららひめ水,static/水属性/つららひめ水.png
バン水,static/水属性/バン水.png
マタタビおうじ水,static/水属性/マタタビおうじ水.png
杉下京太郎 水,static/水属性/杉下京太郎 水.png
がりゅー水,static/水属性/がりゅー水.png
ケルヌー水,static/水属性/ケルヌー水.png
スライムデュラハン水,static/水属性/スライムデュラハン水.png
イリエル水,static/水属性/イリエル水.png
中野三玖 水,static/水属性/中野三玖 水.png
