名前,ファイル??,な??
??ねむりクラーケン火,static/火属性??ねむりクラーケン火.png,な??
かいぞく火,static/火属性かいぞく火.png,な??
かぼち??キング火,static/火属性かぼち??キング火.png,な??
かみさま火,static/火属性かみさま火.png,な??
がり??ー火,static/火属性がり??ー火.png,な??
つららひめ火,static/火属性つららひめ火.png,な??
とげクイーン火,static/火属性とげクイーン火.png,な??
どすこ??オーク火,static/火属性どすこ??オーク火.png,な??
にんじ??火,static/火属性にんじ??火.png,な??
はかいしん火,static/火属性はかいしん火.png,な??
まおうのむすこ火,static/火属性まおうのむすこ火.png,な??
もちつきうさ火,static/火属性もちつきうさ火.png,な??
イリエル火,static/火属性イリエル火.png,な??
イルル火,static/火属性イルル火.png,な??
エイリアン火,static/火属性エイリアン火.png,な??
エスカノ???ル火,static/火属性エスカノ???ル火.png,な??
エレン火,static/火属性エレン火.png,な??
カウボ???イ火,static/火属性カウボ???イ火.png,な??
カラカル火,static/火属性カラカル火.png,な??
ガネ???シャ火,static/火属性ガネ???シャ火.png,な??
グレートロボ火,static/火属性グレートロボ火.png,な??
ケルヌ???火,static/火属性ケルヌ???火.png,な??
ゲンブ火,static/火属性ゲンブ火.png,な??
サンタ??さ火,static/火属性サンタ??さ火.png,な??
サンタウィ??チ火,static/火属性サンタウィ??チ火.png,な??
シャーク火,static/火属性シャーク火.png,な??
ショクチュウひめ火,static/火属性ショクチュウひめ火.png,な??
ジュンガル火,static/火属性ジュンガル火.png,な??
スカルキング火,static/火属性スカルキング火.png,な??
スザク火,static/火属性スザク火.png,な??
スターマン火,static/火属性スターマン火.png,な??
スライ????ュラハン火,static/火属性スライ????ュラハン火.png,な??
セイリュー火,static/火属性セイリュー火.png,な??
??ーモン火,static/火属性??ーモン火.png,な??
ドラゴンナイト火,static/火属性ドラゴンナイト火.png,な??
ドラゴン火,static/火属性ドラゴン火.png,な??
ナイト火,static/火属性ナイト火.png,な??
ハローキ??ィ火,static/火属性ハローキ??ィ火.png,な??
バ???サク??さ火,static/火属性バ???サク??さ火.png,な??
パンダ火,static/火属性パンダ火.png,な??
ヒ???ロー火,static/火属性ヒ???ロー火.png,な??
ビッグアーマ???火,static/火属性ビッグアーマ???火.png,な??
ビッグキャノン火,static/火属性ビッグキャノン火.png,な??
ビャ??コ火,static/火属性ビャ??コ火.png,な??
ビ???チクイーン火,static/火属性ビ???チクイーン火.png,な??
ピ???マン火,static/火属性ピ???マン火.png,な??
フェアリー火,static/火属性フェアリー火.png,な??
ベルセルク火,static/火属性ベルセルク火.png,な??
ベルトルト火,static/火属性ベルトルト火.png,な??
ホルス火,static/火属性ホルス火.png,な??
マタタビお??じ火,static/火属性マタタビお??じ火.png,な??
マ???メイド火,static/火属性マ???メイド火.png,な??
ミノむすめ火,static/火属性ミノむすめ火.png,な??
ミノタウロス火,static/火属性ミノタウロス火.png,な??
??ーン火,static/火属性??ーン火.png,な??
ライオン火,static/火属性ライオン火.png,な??
ランサー火,static/火属性ランサー火.png,な??
ヴァルキリー火,static/火属性ヴァルキリー火.png,な??
ヴァンパイア火,static/火属性ヴァンパイア火.png,な??
中野五月火,static/火属性中野五月火.png,な??
龍宮寺??火,static/火属性龍宮寺??火.png,な??
