名前,パス
スライム風,static/風属性/スライム風.png
とびめだま風,static/風属性/とびめだま風.png
デク風,static/風属性/デク風.png
ハンター風,static/風属性/ハンター風.png
かにおとこ風,static/風属性/かにおとこ風.png
ひとくいばな風,static/風属性/ひとくいばな風.png
ゴブリン風,static/風属性/ゴブリン風.png
マッシュ風,static/風属性/マッシュ風.png
オーク風,static/風属性/オーク風.png
ミミック風,static/風属性/ミミック風.png
ウルフ風,static/風属性/ウルフ風.png
ツボ風,static/風属性/ツボ風.png
クマ風,static/風属性/クマ風.png
オニ風,static/風属性/オニ風.png
ホネ風,static/風属性/ホネ風.png
トマトマン風,static/風属性/トマトマン風.png
ペンガンナー風,static/風属性/ペンガンナー風.png
キャノンぼうや風,static/風属性/キャノンぼうや風.png
リザードマン風,static/風属性/リザードマン風.png
サムライ風,static/風属性/サムライ風.png
くすりつかい風,static/風属性/くすりつかい風.png
マタギ風,static/風属性/マタギ風.png
まどうし風,static/風属性/まどうし風.png
ゴーレム風,static/風属性/ゴーレム風.png
半魚人風,static/風属性/半魚人風.png
ナイト風,static/風属性/ナイト風.png
ウィッチ風,static/風属性/ウィッチ風.png
サイクロプス風,static/風属性/サイクロプス風.png
ロボ風,static/風属性/ロボ風.png
バードマン風,static/風属性/バードマン風.png
アーチャー風,static/風属性/アーチャー風.png
チョコトマトマン風,static/風属性/チョコトマトマン風.png
ピエロ風,static/風属性/ピエロ風.png
天使風,static/風属性/天使風.png
ピーマン風,static/風属性/ピーマン風.png
上杉風太郎風,static/風属性/上杉風太郎 風.png
ミノタウロス風,static/風属性/ミノタウロス風.png
シャーク風,static/風属性/シャーク風.png
ヴァルキリー風,static/風属性/ヴァルキリー風.png
ビッグアーマー風,static/風属性/ビッグアーマー風.png
バーサクうさ風,static/風属性/バーサクうさ風.png
はかいしん風,static/風属性/はかいしん風.png
セイリュー風,static/風属性/セイリュー風.png
ビャッコ風,static/風属性/ビャッコ風.png
スザク風,static/風属性/スザク風.png
ゲンブ風,static/風属性/ゲンブ風.png
ドラゴン風,static/風属性/ドラゴン風.png
スカルキング風,static/風属性/スカルキング風.png
デーモン風,static/風属性/デーモン風.png
フェアリー風,static/風属性/フェアリー風.png
スターマン風,static/風属性/スターマン風.png
エイリアン風,static/風属性/エイリアン風.png
ランサー風,static/風属性/ランサー風.png
かぼちゃキング風,static/風属性/かぼちゃキング風.png
ドラゴンナイト風,static/風属性/ドラゴンナイト風.png
グレートロボ風,static/風属性/グレートロボ風.png
マーメイド風,static/風属性/マーメイド風.png
ウィンターミノ風,static/風属性/ウィンターミノ風.png
かみさま風,static/風属性/かみさま風.png
どすこいオーク風,static/風属性/どすこいオーク風.png
にんじゃ風,static/風属性/にんじゃ風.png
カウボーイ風,static/風属性/カウボーイ風.png
チョコまどうし風,static/風属性/チョコまどうし風.png
とげクイーン風,static/風属性/とげクイーン風.png
Mr.ムーン風,static/風属性/Mr.ムーン風.png
かいぞく風,static/風属性/かいぞく風.png
ビーチクイーン風,static/風属性/ビーチクイーン風.png
ヴァンパイア風,static/風属性/ヴァンパイア風.png
ヒーロー風,static/風属性/ヒーロー風.png
ビッグキャノン風,static/風属性/ビッグキャノン風.png
パンダ風,static/風属性/パンダ風.png
ミノむすめ風,static/風属性/ミノむすめ風.png
ガネーシャ風,static/風属性/ガネーシャ風.png
サーバル風,static/風属性/サーバル風.png
ベルセルク風,static/風属性/ベルセルク風.png
ホルス風,static/風属性/ホルス風.png
アルミン風,static/風属性/アルミン風.png
ショクチュウひめ風,static/風属性/ショクチュウひめ風.png
ルコア風,static/風属性/ルコア風.png
キタキツネ風,static/風属性/キタキツネ風.png
もちつきうさ風,static/風属性/もちつきうさ風.png
ジュンガル風,static/風属性/ジュンガル風.png
ポチャッコ風,static/風属性/ポチャッコ風.png
マオウのむすこ風,static/風属性/マオウのむすこ風.png
場地圭介風,static/風属性/場地圭介 風.png
いねむりクラーケン風,static/風属性/いねむりクラーケン風.png
ジーク風,static/風属性/ジーク風.png
つららひめ風,static/風属性/つららひめ風.png
キング風,static/風属性/キング風.png
マタタビおうじ風,static/風属性/マタタビおうじ風.png
梅宮一風,static/風属性/梅宮一 風.png
がりゅー風,static/風属性/がりゅー風.png
ケルヌー風,static/風属性/ケルヌー風.png
スライムデュラハン風,static/風属性/スライムデュラハン風.png
イリエル風,static/風属性/イリエル風.png
中野四葉風,static/風属性/中野四葉 風.png
