名前,ファイル名,なし
いねむりクラーケン火,static/fireいねむりクラーケン火.png,なし
かいぞく火,static/fireかいぞく火.png,なし
かぼちゃキング火,static/fireかぼちゃキング火.png,なし
かみさま火,static/fireかみさま火.png,なし
がりゅー火,static/fireがりゅー火.png,なし
つららひめ火,static/fireつららひめ火.png,なし
とげクイーン火,static/fireとげクイーン火.png,なし
どすこいオーク火,static/fireどすこいオーク火.png,なし
にんじゃ火,static/fireにんじゃ火.png,なし
はかいしん火,static/fireはかいしん火.png,なし
まおうのむすこ火,static/fireまおうのむすこ火.png,なし
もちつきうさ火,static/fireもちつきうさ火.png,なし
イリエル火,static/fireイリエル火.png,なし
イルル火,static/fireイルル火.png,なし
エイリアン火,static/fireエイリアン火.png,なし
エスカノール火,static/fireエスカノール火.png,なし
エレン火,static/fireエレン火.png,なし
カウボーイ火,static/fireカウボーイ火.png,なし
カラカル火,static/fireカラカル火.png,なし
ガネーシャ火,static/fireガネーシャ火.png,なし
グレートロボ火,static/fireグレートロボ火.png,なし
ケルヌー火,static/fireケルヌー火.png,なし
ゲンブ火,static/fireゲンブ火.png,なし
サンタうさ火,static/fireサンタうさ火.png,なし
サンタウィッチ火,static/fireサンタウィッチ火.png,なし
シャーク火,static/fireシャーク火.png,なし
ショクチュウひめ火,static/fireショクチュウひめ火.png,なし
ジュンガル火,static/fireジュンガル火.png,なし
スカルキング火,static/fireスカルキング火.png,なし
スザク火,static/fireスザク火.png,なし
スターマン火,static/fireスターマン火.png,なし
スライムデュラハン火,static/fireスライムデュラハン火.png,なし
セイリュー火,static/fireセイリュー火.png,なし
デーモン火,static/fireデーモン火.png,なし
ドラゴンナイト火,static/fireドラゴンナイト火.png,なし
ドラゴン火,static/fireドラゴン火.png,なし
ナイト火,static/fireナイト火.png,なし
ハローキティ火,static/fireハローキティ火.png,なし
バーサクうさ火,static/fireバーサクうさ火.png,なし
パンダ火,static/fireパンダ火.png,なし
ヒーロー火,static/fireヒーロー火.png,なし
ビッグアーマー火,static/fireビッグアーマー火.png,なし
ビッグキャノン火,static/fireビッグキャノン火.png,なし
ビャッコ火,static/fireビャッコ火.png,なし
ビーチクイーン火,static/fireビーチクイーン火.png,なし
ピーマン火,static/fireピーマン火.png,なし
フェアリー火,static/fireフェアリー火.png,なし
ベルセルク火,static/fireベルセルク火.png,なし
ベルトルト火,static/fireベルトルト火.png,なし
ホルス火,static/fireホルス火.png,なし
マタタビおうじ火,static/fireマタタビおうじ火.png,なし
マーメイド火,static/fireマーメイド火.png,なし
ミノむすめ火,static/fireミノむすめ火.png,なし
ミノタウロス火,static/fireミノタウロス火.png,なし
ムーン火,static/fireムーン火.png,なし
ライオン火,static/fireライオン火.png,なし
ランサー火,static/fireランサー火.png,なし
ヴァルキリー火,static/fireヴァルキリー火.png,なし
ヴァンパイア火,static/fireヴァンパイア火.png,なし
中野五月火,static/fire中野五月火.png,なし
龍宮寺堅火,static/fire龍宮寺堅火.png,なし
